{
    "Código de envío": "Shipping code",
    "Escribe el código de envío": "Enter the shipping code",
    "Buscar": "Search",
    "Nosotros": "About us",
    "Proyectos": "Projects",
    "Testimoniales": "Testimonials",
    "Comunidad Amiga": "Friendly Community",
    "Contacto": "Contact us",
    "Enviar": "Send",
    "Cargando": "Loading",
    "Nombre": "Name",
    "Correo": "Email",
    "Teléfono": "Phone",
    "Puesto": "Job",
    "Ver video": "Watch video",
    "Libro de reclamaciones": "Complaints book",
    "Acceso Clientes": "Customer access",
    "Desarrollado por": "Developed by",
    "Quiero cotizar": "I want to quote",
    "Servicios": "Servicess",
    "Ver más tutoriales": "Watch more tutoriales",
    "Selecciona": "Choose",
    "Tipo de Servicio": "Type of service",
    "Cotizaciones": "Quotes",
    "Conoce más": "Learn more",
    "Empresa": "Business",
    "Celular": "Mobile",
    "Cantidad estimada de paquetes mensuales": "Cantidad estimada de paquetes mensuales",
    "Correo electrónico": "Email",
    "Nombre y Apellidos": "Fullname",
    "Acepto las": "I accept the",
    "políticas de privacidad web": "web privacy policies",
    "Otras soluciones": "Other services",
    "Por favor ingrese su nombre y apellidos.": "Please enter your fullname.",
    "Por favor ingrese su celular.": "Please enter your mobile.",
    "Por favor ingrese su email.": "Please enter your email.",
    "Por favor ingrese un servicio.": "Please enter a service.",
    "Por favor ingrese su empresa.": "Please enter your business.",
    "Por favor ingrese un email válido.": "Please enter a valid email.",
    "Debe aceptar nuestra política de privacidad.": "You must accept our privacy policy.",
    "Por favor ingrese su cantidad estimada de paquetes mensuales.": "Please enter your estimated number of monthly packages.",
    "Algo salió mal": "Something went wrong",
    "Volver al inicio": "Go to Home",
    "La página que estabas buscando no existe o ha cambiado": "The page you were looking for does not exist or has changed",
    "Excelente": "Excellent",
    "Hemos registrado tus datos con éxito. Pronto nos pondremos contacto contigo.": "We have successfully registered your data. We will contact you soon.",
    "Gracias por solicitar información": "Thank you for requesting information",
    "politicas-privacidad": "privacy-policies"
}